{
    "cluster": {
        "asteroids": [
            {
                "x": 0,
                "y": 0,
                "id": "0"
            },
            {
                "x": -0.45854259015824245,
                "y": 0.167388393593305,
                "id": "1"
            }
        ]
    }
}